{"cameraMode":{"drawMode":0,"name":"Shaded","section":"Shading Mode"},"sceneLighting":true,"audioPlay":false,"sceneViewState":{"m_AlwaysRefresh":false,"showFog":true,"showSkybox":true,"showFlares":true,"showImageEffects":true,"showParticleSystems":true,"showVisualEffectGraphs":true,"m_FxEnabled":false},"in2DMode":false,"pivot":{"x":6.112372398376465,"y":29.508712768554689,"z":55.045738220214847},"rotation":{"x":0.08237005770206452,"y":-0.9172426462173462,"z":0.2612762451171875,"w":0.2891710698604584},"size":3.0767087936401369,"orthographic":false}