{"cameraMode":{"drawMode":0,"name":"Shaded","section":"Shading Mode"},"sceneLighting":true,"audioPlay":false,"sceneViewState":{"m_AlwaysRefresh":false,"showFog":true,"showSkybox":true,"showFlares":true,"showImageEffects":true,"showParticleSystems":true,"showVisualEffectGraphs":true,"m_FxEnabled":false},"in2DMode":false,"pivot":{"x":5.138130187988281,"y":2.0212912559509279,"z":6.231649398803711},"rotation":{"x":-0.0017636787379160524,"y":-0.9193385243415833,"z":-0.004141462501138449,"w":0.3934764266014099},"size":2.043598175048828,"orthographic":false}