{"cameraMode":{"drawMode":0,"name":"Shaded","section":"Shading Mode"},"sceneLighting":false,"audioPlay":false,"sceneViewState":{"m_AlwaysRefresh":false,"showFog":true,"showSkybox":false,"showFlares":true,"showImageEffects":true,"showParticleSystems":true,"showVisualEffectGraphs":true,"m_FxEnabled":false},"in2DMode":false,"pivot":{"x":0.7281359434127808,"y":0.7872294187545776,"z":0.0002205371856689453},"rotation":{"x":-0.1514367014169693,"y":-0.11153397709131241,"z":0.017187589779496194,"w":-0.982033908367157},"size":3.2472894191741945,"orthographic":false}