{"cameraMode":{"drawMode":0,"name":"Shaded","section":"Shading Mode"},"sceneLighting":false,"audioPlay":false,"sceneViewState":{"m_AlwaysRefresh":false,"showFog":true,"showSkybox":false,"showFlares":true,"showImageEffects":true,"showParticleSystems":true,"showVisualEffectGraphs":true,"m_FxEnabled":false},"in2DMode":false,"pivot":{"x":1.8231357336044312,"y":0.8076745271682739,"z":-1.6996278762817383},"rotation":{"x":-0.022640367969870569,"y":0.9768543839454651,"z":-0.16567553579807282,"w":-0.13356348872184754},"size":3.2472891807556154,"orthographic":false}